Term,Type (Power Production/Power Consumption/People/Process/Material),ID,Description,Description Reference,Recommendation(s),Key Federal Law(s),Key Federal Policies/Guidance/Programs,ENERGY STAR Certified (Y/N),EPEAT Registered (Y/N),Other Standards,Notes
clean coal,Power Production,1,"electricity generation via coal-fired power plants that integrate carbon capture, utilization, and storage (CCUS) technologies to reduce carbon dioxide emissions; type of thermal power station",,Prioritize procurement from clean coal facilities certified as “qualifying advanced energy projects” by the US Department of Energy. Certified facilities capture and store a minimum of 65% of carbon dioxide emissions and are capable of producing at least 400 MW (26 U.S.C. § 48(A)).,"26 U.S.C. § 48(A): https://www.govinfo.gov/content/pkg/USCODE-2021-title26/html/USCODE-2021-title26-subtitleA-chap1-subchapA-partIV-subpartE-sec48A.htm

42 U.S.C. ch. 85 § 7401-7671q (Clean Air Act): https://www.govinfo.gov/content/pkg/USCODE-2010-title42/html/USCODE-2010-title42-chap85.htm

",N/A,N,N,N/A,
solar power,Power Production,2,"electricity generation via direct conversion of solar energy into electrical energy using photovoltaic (PV) cells, or via indirect conversion of sunlight into electricity using mirrors that concentrate sunlight into a solar receiver, and integration into a PV system that also includes mounting structures and/or building-integrated PV (BIPV), inverters, and battery storage; concentrated solar power system is a type of thermal power station",DOE Office of Energy Efficiency and Renewable Energy Solar Energy Technologies Office (SETO): https://www.energy.gov/eere/solar/solar-photovoltaic-system-design-basics,"To the greatest extent practicable, procure low-impact PV arrays to heat water for buildings, minimizing the adverse effects on topsoil, plants, and wildlife.

Maximize the value of PV systems and associated battery storage by: 1) energy arbitrage or decreasing demand for to lower utility bills and 2) dispatch the systems in response to demand to generate revenue, and 3) use as back-up power to support mission critical operations during outages (https://www.energy.gov/eere/femp/articles/considerations-implementing-pv-plus-storage-systems-federal-buildings-and)

Optimize PV system size and dispatch strategy using available federal tools, such as DOE National Renewable Energy Laboratory's (NREL's) Renewable Energy Integration and Optimization (REopt) platform (https://reopt.nrel.gov).","42 U.S.C. § 13201 et seq.; (Energy Policy Act of 2005): https://www.govinfo.gov/content/pkg/BILLS-109hr6enr/pdf/BILLS-109hr6enr.pdf

42 U.S.C. § 6834(a)(3): http://uscode.house.gov/view.xhtml?hl=false&edition=2012&req=granuleid%3AUSC-prelim-title42-section6834&f=treesort&fq=true&num=0

42 U.S.C. Ch. 152 § 17001 et seq. (Energy Independence and Security Act of 2007): https://uscode.house.gov/view.xhtml?path=/prelim@title42/chapter152&edition=prelim",InSPIRE: Low-Impact Solar Development Strategies Primer: https://openei.org/wiki/InSPIRE/Primer,Y,Y,,
wind power,Power Production,3,"electricity generation via conversion of kinetic energy from wind into electrical energy using wind turbines, which are integrated into a wind energy system consisting of associated towers, control systems, and transformers.",DOE Office of Energy Efficiency and Renewable Energy Wind Energy Technologies Office (WETO): https://www.energy.gov/eere/wind/how-do-wind-turbines-work,"To the greatest extent practicable, select sites for wind energy systems in areas that minimize adverse effects on wildlife, in particular birds and bats.

Bolster federal incentives for wind energy, including tax credits, financing mechanisms, and research funding (https://www.energy.gov/sites/default/files/2023-02/weto-funding-fact-sheet-feb-23.pdf)","16 U.S.C. § 1531-1544: https://uscode.house.gov/view.xhtml?path=/prelim@title16/chapter35&edition=prelim

16 U.S.C. § 703: https://www.govinfo.gov/content/pkg/USCODE-2021-title16/pdf/USCODE-2021-title16-chap7-subchapII-sec703.pdf

42 U.S.C. Ch. 152 § 17001 et seq. (Energy Independence and Security Act of 2007): https://uscode.house.gov/view.xhtml?path=/prelim@title42/chapter152&edition=prelim","Land-Based Wind Energy Siting: A Foundational and Technical Resource: https://www.nrel.gov/docs/fy21osti/78591.pdf

U.S. Fish and Wildlife Service Land-Based Wind Energy Guidelines: https://www.fws.gov/sites/default/files/documents/land-based-wind-energy-guidelines.pdf",N,N,"American Wind Energy Association (AWEA) Small Wind Turbine Performance and Safety Standard 9.1-2009: https://cleanpower.org/wp-content/uploads/2021/12/AWEA_2009_Small_Turbine_Standard.pdf

International Electrotechnical Commission (IEC) 61400-1, 61400-12, and 61400-11: https://webstore.iec.ch/webstore/webstore.nsf/mysearchajax?Openform&key=61400&sorting=&start=1&onglet=1",WINDExchange: DOE resource to assist with wind energy system site selection and associated environmental impacts
hydroelectric power,Power Production,4,electricity generation via conversion of kinetic energy of flowing water into electrical energy using hydropower turbines and integration with hydroelectric power plant components such as generators and regulators,DOE Office of Energy Efficiency and Renewable Energy Water Power Technologies Office (WPTO): https://www.energy.gov/eere/water/hydropower-basics,"To the greatest extent practicable, increase use of existing hydroelectric power plants and discourage construction of new hydroelectric power plants in areas in which construction would negatively impact food supply and economy of local communities and disrupt local ecology.","16 U.S.C. § 791 et seq.; Federal Power Act: https://www.energy.gov/sites/prod/files/2019/10/f67/Federal%20Power%20Act_2019_508_0.pdf

33 U.S. C. § 1344; Clean Water Act: https://www.govinfo.gov/content/pkg/USCODE-2011-title33/html/USCODE-2011-title33-chap26-subchapIV-sec1344.htm

33 U.S.C. § 403; Rivers and Harbors Act: https://www.govinfo.gov/content/pkg/USCODE-2011-title33/html/USCODE-2011-title33-chap9-subchapI-sec403.htm

16 U.S.C. § 1531-1544; Endangered Species Act: https://uscode.house.gov/view.xhtml?path=/prelim@title16/chapter35&edition=prelim

42 U.S.C. Ch. 152 § 17001 et seq. (Energy Independence and Security Act of 2007): https://uscode.house.gov/view.xhtml?path=/prelim@title42/chapter152&edition=prelim",,N,,,
tidal power,Power Production,5,"electricity generation via conversion of kinetic energy from tides into electricity using tidal barrages, turbines, or fences, and integration with associated generators and auxiliary components.",EIA: https://www.eia.gov/energyexplained/hydropower/tidal-power.php,"To the greatest extent practicable, select sites for tidal power plants in areas that minimize adverse effects on water quality and wildlife migration.

Improve tidal energy's potential for commercialization through concerted efforts to reduce costs and incorporate durable and biocompatible materials.","33 U.S. C. § 1344; Clean Water Act: https://www.govinfo.gov/content/pkg/USCODE-2011-title33/html/USCODE-2011-title33-chap26-subchapIV-sec1344.htm

33 U.S.C. § 403; Rivers and Harbors Act: https://www.govinfo.gov/content/pkg/USCODE-2011-title33/html/USCODE-2011-title33-chap9-subchapI-sec403.htm

42 U.S.C. § 13201 et seq.; (Energy Policy Act of 2005): https://www.govinfo.gov/content/pkg/BILLS-109hr6enr/pdf/BILLS-109hr6enr.pdf

42 U.S.C. Ch. 152 § 17001 et seq. (Energy Independence and Security Act of 2007): https://uscode.house.gov/view.xhtml?path=/prelim@title42/chapter152&edition=prelim",,N,,,
geothermal energy,Power Production,6,"capture and use of geothermal heat (generally 300F to 700F); electricity generation via conversion of geothermal heat into electrical energy using heated working fluid to turn turbines, and integration with generators and production and injection wells, reservoirs, control systems, and other components; type of thermal power station",EIA: https://www.eia.gov/energyexplained/geothermal/geothermal-power-plants.php,"Strongly consider including geothermal energy as part of the agency energy portfolio if the agency is located in the western states of the U.S. or Hawaii, where most geothermal power plants are located (https://www.eia.gov/energyexplained/geothermal/where-geothermal-energy-is-found.php)

Prioritize procurements from direct use heating systems and geothermal heat pumps rather than from geothermal power plants to minimize carbon dioxide and sulfur dioxide emissions ( https://www.eia.gov/energyexplained/geothermal/use-of-geothermal-energy.php)","42 U.S.C. § 13201 et seq.; (Energy Policy Act of 2005): https://www.govinfo.gov/content/pkg/BILLS-109hr6enr/pdf/BILLS-109hr6enr.pdf

30 U.S.C. Ch. 23 § 1001-1028: https://uscode.house.gov/view.xhtml?path=/prelim@title30/chapter23&edition=prelim

42 U.S.C. Ch. 152 § 17001 et seq. (Energy Independence and Security Act of 2007): https://uscode.house.gov/view.xhtml?path=/prelim@title42/chapter152&edition=prelim",,Y,,,ENERGY STAR Criteria: https://www.energystar.gov/productfinder/product/certified-geothermal-heat-pumps/results
biopower,Power Production,7,"electricity generation via conversion of biomass fuels into heat using direct combustion, anaerobic digestion, gasification, or pyrolysis; thermal power",DOE Bioenergy Technologies Office: https://www.energy.gov/eere/bioenergy/biopower-basics,"Ensure the diversity of biomass feedstocks, including but not limited to food waste, crop waste, industrial and municipal solid waste, agriculture and forestry residues, and non-recyclable municipal solid waste","42 U.S.C. § 13201 et seq.; (Energy Policy Act of 2005): https://www.govinfo.gov/content/pkg/BILLS-109hr6enr/pdf/BILLS-109hr6enr.pdf

42 U.S.C. Ch. 152 § 17001 et seq. (Energy Independence and Security Act of 2007): https://uscode.house.gov/view.xhtml?path=/prelim@title42/chapter152&edition=prelim",,N,,,USDA FSA Biomass Crop Assistance Program: https://www.fsa.usda.gov/FSA/webapp?area=home&subject=agri&topic=bcap
natural gas power,Power Production,8,"electricity generation via gas-fired power plants in which natural gas, primarily composed of methane, is combusted to generate electricity; type of thermal power station; in addition to electricity, can also be used to heat buildings and water",,"Avoid procurements from vendors that engage in hydraulic fracturing to recover natural gas and oil

Favor natural gas over coal and distillate fuel oil because its combustion produces comparatively  less carbon dioxide for an equal amount of energy (https://www.eia.gov/energyexplained/natural-gas/natural-gas-and-the-environment.php)",42 U.S.C. § 13201 et seq.; (Energy Policy Act of 2005): https://www.govinfo.gov/content/pkg/BILLS-109hr6enr/pdf/BILLS-109hr6enr.pdf,,Y,,,ENERGY STAR link is to gas water heaters. For furnaces: https://www.energystar.gov/productfinder/product/certified-furnaces/results?formId=ded6023e-ccb5-4ec6-a908-f55069c0ba50&scrollTo=465.3333435058594&search_text=&fuel_type_filter=Natural+Gas&brand_name_isopen=0&markets_filter=United+States&zip_code_filter=&product_types=Select+a+Product+Category&sort_by=efficiency_afue&sort_direction=desc&currentZipCode=20008&page_number=0&lastpage=0
Substitute Natural Gas (SNG) power,Power Production,9,"electricity generation via gas-fired power plants in which substitute natural gas, a synthetic gas primarily composed of methane and produced from biomass or fossil fuels such as coal, is combusted to generate electricity; type of thermal power station",,"Where applicable, consider using SNG in place of natural gas for electricity generation and heating.",,,N,,,
wood gas,Power Production,10,"fuel gas consisting primarily of carbon monoxide, hydrogen, and nitrogen, created by heating wood or other biomass in a gasifier; can be used for electricity generation via combustion and for heating.",,"Consider wood gas, which is derived from wood or other biomass, a means for heating and powering motors in place of fossil fuels in scenarios where large storage volumes are possible. Wood gas requires comparatively larger storage volumes due to its lower heat of combustion.

Patrolling data centers",,,N,,,
hydrogen cell,Power Production,11,"electrochemical cell that combines hydrogen and oxygen to generate electrical energy, with water as the only byproduct; often used to power electric motors.",,"Prioritize hydrogen as a possible alternative to fossil fuel not only for motor vehicles but also for space flight and industrial processes (https://crsreports.congress.gov/product/pdf/IF/IF12163). To make such an alternative viable, focus resources on developing a hydrogen infrastructure that can support various applications such as transportation, industry, power generation, and heating.","42 U.S.C. § 13201 et seq.; (Energy Policy Act of 2005): https://www.govinfo.gov/content/pkg/BILLS-109hr6enr/pdf/BILLS-109hr6enr.pdf

42 U.S.C. Ch. 152 § 17001 et seq. (Energy Independence and Security Act of 2007): https://uscode.house.gov/view.xhtml?path=/prelim@title42/chapter152&edition=prelim

42 U.S.C. ch. 85 § 7401-7671q (Clean Air Act): https://www.govinfo.gov/content/pkg/USCODE-2010-title42/html/USCODE-2010-title42-chap85.htm
",,N,,,
nuclear fission,Power Production,12,"electricity generation via conversion of heat energy from nuclear fission, occurring and contained in reactor cores, into electrical energy using a combination of steam turbines, generators, condensers, cooling and control systems, and containment buildings; type of thermal power station",,"Since the license of the Yucca Mountain repository expired in 2010, disposal of commercial spent nuclear fuel presents a growing challenge, as it is often stored on-site and can pose serious threats to human health and the environment. Therefore, before procuring nuclear power, carefully examine how and where the power plant manages its nuclear waste (https://www.gao.gov/products/gao-21-603)

Especially in areas that lack sufficient or suitable land for solar, wind, hydroelectric, and geothermal power, strongly consider nuclear power as a viable alternative. According to DOE, ""A typical 1,000-megawatt nuclear facility in the United States needs a little more than 1 square mile to operate. NEI says wind farms require 360 times more land area to produce the same amount of electricity and solar photovoltaic plants require 75 times more space."" (https://www.energy.gov/ne/articles/3-reasons-why-nuclear-clean-and-sustainable).

","42 U.S.C. Ch. 108 § 10101; (Nuclear Waste Policy Act of 1982): https://uscode.house.gov/view.xhtml?path=/prelim@title42/chapter108&edition=prelim

10 C.F.R. Part 50: https://www.ecfr.gov/current/title-10/chapter-I/part-50?toc=1

10 C.F.R. Part 51: https://www.ecfr.gov/current/title-10/chapter-I/part-51?toc=1

10 C.F.R. Part 52: https://www.ecfr.gov/current/title-10/chapter-I/part-52?toc=1",,N,,,
nuclear fusion,Power Production,13,"proposed electricity generation via conversation of heat energy from nuclear fusion into electrical energy, and integration with confinement, heating, energy extraction, and tritium breeding systems",https://www.nrc.gov/reactors/new-reactors/advanced/policy-development/fusion-energy.html,,,https://www.nrc.gov/docs/ML2227/ML22273A178.html,N,,,
Light-Emitting Diode (LED),Power Consumption,14,semiconductor material doped with impurities to create a PN-junction that emits light when voltage passes through it,,"To the maximum extent practicable, prioritize procurements of LEDs to reduce energy consumption and maintenance costs compared to incandescent, fluorescent, and High Intensity Discharge (HID) lamps.","42 U.S.C. § 13201 et seq.; (Energy Policy Act of 2005): https://www.govinfo.gov/content/pkg/BILLS-109hr6enr/pdf/BILLS-109hr6enr.pdf

40 U.S.C. § 3313; Procurement of life-cycle cost effective and energy efficient lighting systems; https://uscode.house.gov/view.xhtml?req=granuleid:USC-prelim-title40-section3313&num=0&edition=prelim",,Y,,,
instant-on lighting,Power Consumption,15,"lighting system that activates without a warm-up period, in contrast to fluorescent and High Intensity Discharge (HID) lighting; characteristic of LEDs",,"To the maximum extent practicable, prioritize procurements of LEDs to minimize or eliminate lighting warm-up periods.

Integrate dimmers, sensors, and timers into the lighting system to further reduce lighting usage, thereby further reducing energy consumption.","42 U.S.C. § 13201 et seq.; (Energy Policy Act of 2005): https://www.govinfo.gov/content/pkg/BILLS-109hr6enr/pdf/BILLS-109hr6enr.pdf

40 U.S.C. § 3313; Procurement of life-cycle cost effective and energy efficient lighting systems; https://uscode.house.gov/view.xhtml?req=granuleid:USC-prelim-title40-section3313&num=0&edition=prelim",,Y,,,
battery storage,Power Production,16,electrochemical cell with external connections; device that stores chemical energy and that can convert that chemical energy into electrical energy,,"Rechargable, recycling...

Graphene batteries",,,,,,
economically distressed areas,People,17,"census tracts that experience high levels of unemployment, poverty, and population loss, and low household incomes and economic output, relative to national levels, respectively",,"To the maximum extent practicable, site new data centers within Qualified Opportunity Zones (QOZs) (26 U.S.C. § 1400Z) to revive economically distressed areas and receive tax incentives.

Leverage the Climate and Economic Justice Screening Tool to inform site selection for data centers, in alignment with Justice40 Initiative (https://screeningtool.geoplatform.gov/en/#3/33.47/-97.5)","For QOZ definition, 26 U.S.C. § 1400Z: https://uscode.house.gov/view.xhtml?path=/prelim@title26/subtitleA/chapter1/subchapterZ&edition=prelim","CEQ Justice 40 Initiative: https://www.whitehouse.gov/environmentaljustice/justice40/

E.O. 14057 Sec 301; Executive Order on Catalyzing Clean Energy Industries and Jobs Through Federal Sustainability: https://www.whitehouse.gov/briefing-room/presidential-actions/2021/12/08/executive-order-on-catalyzing-clean-energy-industries-and-jobs-through-federal-sustainability/",N/A,N/A,,
Native American reservations,People,18,"lands, defined by agreement with the Federal Government, that are owned and governed by Native American tribal nations, while also subject to federal law.",18 U.S.C. § 1151: https://www.govinfo.gov/content/pkg/USCODE-2021-title18/pdf/USCODE-2021-title18-partI-chap53-sec1151.pdf,"Where practicable and where supported by the local tribe, consider supporting the development of sustainable data centers and associated clean energy projects on Native American reservations. Consider engagement with federal programs to bolster these efforts, such as the Tribal Energy Loan Guarantee Program (https://www.energy.gov/lpo/tribal-energy-loan-guarantee-program).

On matters related to the development of sustainable data centers, prioritize engagement with Native American tribes that have Tribal Energy Resource Agreements (TERAs) and Tribal Energy Development Organizations (TEDOs) (https://www.bia.gov/service/tribal-energy-resource-agreements-development-organizations)","25 U.S.C. Ch. 46 § 5321-5332: https://uscode.house.gov/view.xhtml?path=/prelim@title25/chapter46&edition=prelim

On TERA, 25 C.F.R. § 224.63: https://www.ecfr.gov/current/title-25/chapter-I/subchapter-I/part-224/subpart-B/subject-group-ECFRf85a0197f7eaeec/section-224.63

On TEDO, 25 C.F.R. § 224.201: https://www.ecfr.gov/current/title-25/chapter-I/subchapter-I/part-224/subpart-J/section-224.201","Indian Affairs, Tribal Energy Resource Agreements and Tribal Energy Development Organizations: https://www.bia.gov/service/tribal-energy-resource-agreements-development-organizations

Tribal funding: https://www.energy.gov/indianenergy/ongoing-funding-opportunities",N/A,N/A,,
U.S. territories,People,19,lands that fall under the jurisdiction of the Federal Government and that are not a state; may be incorporated or unincorporated and organized or unorganized,Interior Office of Insular Affairs: https://www.doi.gov/oia/islands/politicatypes,"To power data centers, prioritize procurement of energy from qualified renewable energy facilities (42 U.S.C. § 13201 et seq)?",42 U.S.C. § 13201 et seq.; (Energy Policy Act of 2005): https://www.govinfo.gov/content/pkg/BILLS-109hr6enr/pdf/BILLS-109hr6enr.pdf,Executive Order on the Implementation of the Energy and Infrastructure Provisions of the Inflation Reduction Act of 2022: https://www.whitehouse.gov/briefing-room/presidential-actions/2022/09/12/executive-order-on-the-implementation-of-the-energy-and-infrastructure-provisions-of-the-inflation-reduction-act-of-2022/,N/A,N/A,,
8(a) Business Development,People,20,"program administered by the Small Business Administration (SBA) that provides training and technical assistance to small, economically-disadvantaged businesses to help them complete for federal contracts.",SBA: https://www.sba.gov/federal-contracting/contracting-assistance-programs/8a-business-development-program,"To the maximum extent practicable, prioritize contract awards for data center-related procurements from 8(a) Business Development program-certified businesses to help the Federal Government increase the amount of contracting dollars awarded to economically-disadvantaged businesses (13 C.F.R. § 124).","For establishment of the 8(a) Business Development program, 15 U.S.C. § 636(j)(10): https://uscode.house.gov/view.xhtml?req=(title:15%20section:636%20edition:prelim)

For additional detail on establishment of the 8(a) Business Development program, 15 U.S.C. § 637(a): https://uscode.house.gov/view.xhtml?req=(title:15%20section:637%20edition:prelim)%20OR%20(granuleid:USC-prelim-title15-section637)&f=treesort&num=0&edition=prelim

For determination of 8(a) Business Development, 13 C.F.R. § 124: https://www.ecfr.gov/current/title-13/chapter-I/part-124?toc=1","SBA: https://www.sba.gov/federal-contracting/contracting-assistance-programs/8a-business-development-program

EO 13990; Protecting Public Health and the Environment and Restoring Science To Tackle the Climate Crisis: https://www.federalregister.gov/documents/2021/01/25/2021-01765/protecting-public-health-and-the-environment-and-restoring-science-to-tackle-the-climate-crisis

E.O. 14057 Sec 301: https://www.whitehouse.gov/briefing-room/presidential-actions/2021/12/08/executive-order-on-catalyzing-clean-energy-industries-and-jobs-through-federal-sustainability/",N/A,N/A,,
education and job training opportunities,People,21,"courses of study in higher education, IT or related certifications, on-the-job training programs, and other approaches to gaining IT knowledge and skills to support the development and operation of sustainable data centers.",,"Consider contract language for data center-related procurements that includes on-the-job training, paid internships, and course offerings/practicums in collaboration with local and regional institutions of higher education. An example provision may be to utilize Workforce Innovation and Opportunity Act (WIOA) programs to seek qualified job candidates (29 U.S.C. § 3101 et seq.).","For the WIOA statute, 29 U.S.C. § 3101 et seq.: https://uscode.house.gov/view.xhtml?req=granuleid%3AUSC-prelim-title29-chapter32&edition=prelim

For additional WIOA laws, regulations, and guidance: https://www.dol.gov/agencies/eta/wioa/guidance","WIOA programs: https://www.dol.gov/agencies/eta/wioa/programs

EO 13990; Protecting Public Health and the Environment and Restoring Science To Tackle the Climate Crisis: https://www.federalregister.gov/documents/2021/01/25/2021-01765/protecting-public-health-and-the-environment-and-restoring-science-to-tackle-the-climate-crisis",N/A,N/A,,
community outreach/involvement,People,22,"engagement with the community to build grassroots support for green data centers, with focus on their favorable local economic and environmental impacts.",,"Federal agencies (or federal advisory committees which represent them) should engage with communities to be affected by the development and operation of green data centers, publically and accessible present the community-specific costs and benefits, and only proceed with associated procurements upon buy-in from key community stakeholders.","42 U.S.C.§ 4321 et seq.; National Environmental Policy Act (NEPA); https://uscode.house.gov/view.xhtml?req=(title:42%20section:4321%20edition:prelim)

5 U.S.C.§ 10; Federal Advisory Committee Act (FACA):  https://www.gsa.gov/cdnstatic/with_annotations_R2G-b4T_0Z5RDZ-i34K-pR_%281%29.doc

","EO 13990; Protecting Public Health and the Environment and Restoring Science To Tackle the Climate Crisis: https://www.federalregister.gov/documents/2021/01/25/2021-01765/protecting-public-health-and-the-environment-and-restoring-science-to-tackle-the-climate-crisis

E.O. 14057 Sec 301; Executive Order on Catalyzing Clean Energy Industries and Jobs Through Federal Sustainability: https://www.whitehouse.gov/briefing-room/presidential-actions/2021/12/08/executive-order-on-catalyzing-clean-energy-industries-and-jobs-through-federal-sustainability/",N/A,N/A,,
telework and remote work,People,23,work arrangements in which employees perform their duties and fulfill their responsibilities at an employer-approved location; routine visits to the employer worksite each pay period refers to telework; no routine visits to the employer worksite each pay period refers to remote work. ,OPM: https://www.telework.gov/guidance-legislation/telework-guidance/telework-guide/guide-to-telework-in-the-federal-government.pdf,"Federal agencies should emphasize telework and remote work for data center operations to reduce carbon dioxide emissions and other greenhouse gas emissions associated with employee travel, and reduce the energy needed for lighting and temperature regulation.

Furthermore, federal procurements of data center services are encouraged to include contract language that emphasizes the maximum practicable amount of telework and remote work for these same reasons.",5 U.S.C.§ 6501-6506: https://uscode.house.gov/view.xhtml?path=/prelim@title5/part3/subpartE/chapter65&edition=prelim,OPM: https://www.telework.gov/guidance-legislation/telework-guidance/telework-guide/guide-to-telework-in-the-federal-government.pdf,N/A,N/A,,
public transportation,People,24,"integrated system of buses, trains, subways, and other modes of travel that is owned and operated by public (i.e., governmental) authorities.",,"To reduce transportation-related energy consumption, locate the development of data centers near public transportation hubs. Further incentivize use of public transportation via public transportation subsidies to data center staff through already-existing program such as TRANServe (https://www.transportation.gov/transerve). For data center staff who are contractors rather than federal employees, consider including contract provisions that require such subsidies or other public transportation benefits.","Infrastructure Investment and Jobs Act: Pub. L. No.117–58, 135 STAT. 429: https://www.govinfo.gov/content/pkg/PLAW-117publ58/pdf/PLAW-117publ58.pdf",DOT TRANServe: https://www.transportation.gov/transerve,N/A,N/A,,
dark data center,Process,25,"data center which operates almost entirely remotely through lights-out management (LOM), consequently, minimizes the need for lighting.",,"Prioritize data center-related procurements, including procurements of cloud services, from dark data centers in order to reduce lighting-related energy consumption. ","42 U.S.C. § 8253(b): http://uscode.house.gov/view.xhtml?hl=false&edition=2012&req=granuleid%3AUSC-prelim-title42-section8253&f=treesort&fq=true&num=0

42 U.S.C. § 8254: http://uscode.house.gov/view.xhtml?req=(title:42%20section:8254%20edition:2012)%20OR%20(granuleid:USC-2012-title42-section8254)&f=treesort&num=0&edition=2012

42 U.S.C. § 8253(f)(4): http://uscode.house.gov/view.xhtml?hl=false&edition=2012&req=granuleid%3AUSC-prelim-title42-section8253&f=treesort&fq=true&num=0

42 U.S.C. § 8259b(d): http://uscode.house.gov/view.xhtml?hl=false&edition=prelim&req=granuleid%3AUSC-prelim-title42-section8259b&f=treesort&fq=true&num=0&saved=%7CZ3JhbnVsZWlkOlVTQy0yMDEyLXRpdGxlNDItc2VjdGlvbjgyNTM%3D%7CdHJlZXNvcnQ%3D%7CdHJ1ZQ%3D%3D%7C0%7Cfalse%7C2012

FAR Part 23.103: https://www.acquisition.gov/far/subpart-23.1

FAR Part 23.802: https://www.acquisition.gov/far/subpart-23.8#FAR_23_802__d1574e12","E.O. 13990: https://www.federalregister.gov/documents/2021/01/25/2021-01765/protecting-public-health-and-the-environment-and-restoring-science-to-tackle-the-climate-crisis

E.O. 14057 Sec 301: https://www.whitehouse.gov/briefing-room/presidential-actions/2021/12/08/executive-order-on-catalyzing-clean-energy-industries-and-jobs-through-federal-sustainability/",N/A,N/A,,
time-of-use (TOU) energy consumption,Process,26,approach by which an energy utility charges a customer's energy consumption according to temporal changes in energy demand from the utility.,,"Federal agencies should procure energy from energy utilities that offer time-variable rate programs (i.e., TOU) to incentivize electricity use at times when demand on the electrical grid is lower and, thus, electricity costs are relatively lower.","42 U.S.C. § 8253(b): http://uscode.house.gov/view.xhtml?hl=false&edition=2012&req=granuleid%3AUSC-prelim-title42-section8253&f=treesort&fq=true&num=0

42 U.S.C. § 8254: http://uscode.house.gov/view.xhtml?req=(title:42%20section:8254%20edition:2012)%20OR%20(granuleid:USC-2012-title42-section8254)&f=treesort&num=0&edition=2012

42 U.S.C. § 8253(f)(4): http://uscode.house.gov/view.xhtml?hl=false&edition=2012&req=granuleid%3AUSC-prelim-title42-section8253&f=treesort&fq=true&num=0

42 U.S.C. § 8259b(d): http://uscode.house.gov/view.xhtml?hl=false&edition=prelim&req=granuleid%3AUSC-prelim-title42-section8259b&f=treesort&fq=true&num=0&saved=%7CZ3JhbnVsZWlkOlVTQy0yMDEyLXRpdGxlNDItc2VjdGlvbjgyNTM%3D%7CdHJlZXNvcnQ%3D%7CdHJ1ZQ%3D%3D%7C0%7Cfalse%7C2012

FAR Part 23.103: https://www.acquisition.gov/far/subpart-23.1

FAR Part 23.802: https://www.acquisition.gov/far/subpart-23.8#FAR_23_802__d1574e12",,,,,
virtualization management,Process,27,"approach, aided by software, that allows for administration and monitoring of virtualized machines for more efficient utilization of underlying physical machines.",,"Use application rationalization to maximize the extent to which you can virtualize your IT infrastructure and to consolidate servers, which in turn reduces energy consumption and electricity costs. Leverage power management features to further reduce energy consumption and electricity costs during low utilization of computing resources.","42 U.S.C. § 8253(b): http://uscode.house.gov/view.xhtml?hl=false&edition=2012&req=granuleid%3AUSC-prelim-title42-section8253&f=treesort&fq=true&num=0

42 U.S.C. § 8254: http://uscode.house.gov/view.xhtml?req=(title:42%20section:8254%20edition:2012)%20OR%20(granuleid:USC-2012-title42-section8254)&f=treesort&num=0&edition=2012

42 U.S.C. § 8253(f)(4): http://uscode.house.gov/view.xhtml?hl=false&edition=2012&req=granuleid%3AUSC-prelim-title42-section8253&f=treesort&fq=true&num=0

42 U.S.C. § 8259b(d): http://uscode.house.gov/view.xhtml?hl=false&edition=prelim&req=granuleid%3AUSC-prelim-title42-section8259b&f=treesort&fq=true&num=0&saved=%7CZ3JhbnVsZWlkOlVTQy0yMDEyLXRpdGxlNDItc2VjdGlvbjgyNTM%3D%7CdHJlZXNvcnQ%3D%7CdHJ1ZQ%3D%3D%7C0%7Cfalse%7C2012

FAR Part 23.103: https://www.acquisition.gov/far/subpart-23.1

FAR Part 23.802: https://www.acquisition.gov/far/subpart-23.8#FAR_23_802__d1574e12",The Application Rationalization Playbook: https://www.cio.gov/assets/files/Application-Rationalization-Playbook.pdf,,,,V-Motion is a commercially available example.
turning off failover servers until needed,Process,28,"power down failover servers, or backup servers that automatically turn on if the primary server cannot be accessed, until primary server cannot be accessed.",,Failover servers should be powered down until primary servers fail to reduce energy consumption and save on electricity costs.,42 U.S.C. § 8253(b): http://uscode.house.gov/view.xhtml?hl=false&edition=2012&req=granuleid%3AUSC-prelim-title42-section8253&f=treesort&fq=true&num=0,,,,,
temperature in data center,Process,29,recommended temperature or temperature range for inlet air or liquid into IT equipment,,"To reduce cooling energy consumption and save on electricity costs, consider using inlet temperatures that approach the upper threshold of the recommended temperature or temperature range, which varies according to the cooling method (air or liquid) and environmental class (A1, A2, A3, A4, or H1 for air-cooled; W16, W27, W32, W40, W45, orW+ for liquid-cooled). See the American Society of Heating, Refrigerating, and Air-Conditioning Engineers (ASHRAE's) 2021 Equipment Thermal Guidelines for Data Processing Environments: https://www.ashrae.org/File%20Library/Technical%20Resources/Bookstore/Supplemental%20Files/ReferenceCard_2021ThermalGuidelines.pdf

Ensure that IT equipment stays within the recommended thermal envelope as defined by ASHRAE: https://www.techstreet.com/ashrae/standards/thermal-guidelines-for-data-processing-environments-5th-ed?product_id=2212974

Recommend air over liquid cooling.",42 U.S.C. § 8253(b): http://uscode.house.gov/view.xhtml?hl=false&edition=2012&req=granuleid%3AUSC-prelim-title42-section8253&f=treesort&fq=true&num=0,FEMP Best Practices Guide for Energy-Efficient Data Center Design: https://www.energy.gov/eere/femp/articles/best-practices-guide-energy-efficient-data-center-design,,,ASHRAE: https://www.techstreet.com/ashrae/standards/thermal-guidelines-for-data-processing-environments-5th-ed?product_id=2212974,
free cooling (air and/or liquid),Process,30,"flow of outside air or water to cool IT equipment within data center white space, reducing or circumventing the need for traditional cooling systems.",,"To the maximum extent practicable, site new data centers in locations that will offer free cooling via air-side economizers and/or water-side economizers: https://www.energy.gov/eere/femp/articles/best-practices-guide-energy-efficient-data-center-design. Regarding the potential use of air-side economizers, consider not just ambient temperature and humidity but also contaminants (e.g., particulate matter and gaseous pollutants).",42 U.S.C. § 8253(b): http://uscode.house.gov/view.xhtml?hl=false&edition=2012&req=granuleid%3AUSC-prelim-title42-section8253&f=treesort&fq=true&num=0,FEMP Best Practices Guide for Energy-Efficient Data Center Design: https://www.energy.gov/eere/femp/articles/best-practices-guide-energy-efficient-data-center-design,,,,
hot/cold aisle containment,Process,31,"rows of server racks with alternating and sufficiently isolated hot and cold aisles; the heat exhaust is located in the hot aisles, and the air intakes are located in the cold aisles.",FEMP Best Practices Guide for Energy-Efficient Data Center Design: https://www.energy.gov/eere/femp/articles/best-practices-guide-energy-efficient-data-center-design,"Air from hot aises should be used as a heat source for water and other applications (temperature depending on intended use), thereby reducing or eliminating the need for electricity or gas for these purposes (https://www.energy.gov/eere/femp/articles/best-practices-guide-energy-efficient-data-center-design). Concentrate IT equipment to increase the temperature of hot aisles.

Physically partition the space between hot and cold aisles with flexible or rigid materials to minimize mixing of hot and cold air, while still allowing for easy access to servers (https://www.energy.gov/eere/femp/articles/best-practices-guide-energy-efficient-data-center-design).",42 U.S.C. § 8253(b): http://uscode.house.gov/view.xhtml?hl=false&edition=2012&req=granuleid%3AUSC-prelim-title42-section8253&f=treesort&fq=true&num=0,FEMP Best Practices Guide for Energy-Efficient Data Center Design: https://www.energy.gov/eere/femp/articles/best-practices-guide-energy-efficient-data-center-design,,,,
Active Energy Management,Process,32,real-time monitoring and control of data center energy consumption to optimize energy consumption and minimize electricity costs.,,"Leverage active energy management to determine and mitigate the underlying causes of high energy consumption. A key aspect of active energy management is re-tuning, a low-cost approach to managing federal buildings via the identification and correction of operational problems (https://www.energy.gov/eere/femp/re-tuning-federal-buildings). Re-tuning typically reduces energy consumption between 5% and 25%.

Deploy an Energy Management Information System (EMIS) throughout your data center infrastructure to optimize energy consumption (https://www.energy.gov/eere/femp/energy-management-information-systems-federal-facilities).

Procure data center services from those that have achieved DOE 50001 Ready recognition and/or DOE Superior Energy Performance 50001 (SEP 50001) (https://betterbuildingssolutioncenter.energy.gov/iso-50001/50001Ready; https://betterbuildingssolutioncenter.energy.gov/iso-50001/sep-50001).",42 U.S.C. § 8253(b): http://uscode.house.gov/view.xhtml?hl=false&edition=2012&req=granuleid%3AUSC-prelim-title42-section8253&f=treesort&fq=true&num=0,"DOE EERE FEMP Best Practices to Support EMIS Operation at Federal Facilities: https://www.energy.gov/sites/default/files/2022-02/best-practices-to-support-EMIS-operation-federal-facilities.pdf

DOE EERE FEMP Energy Management Information Systems Technical Resources Report: https://www.energy.gov/sites/default/files/2021-09/emis-technical-resources.pdf

DOE 50001 Ready Program: https://betterbuildingssolutioncenter.energy.gov/iso-50001/50001Ready

DOE SEP 50001: https://betterbuildingssolutioncenter.energy.gov/iso-50001/sep-50001",,,,
data center infrastructure management (DCIM) and detailed power telemetry monitoring,Process,33,"systematic approach, aided by software, to monitor and control IT equipment within data centers; part of this approach may include collection and visualization of data from IT equipment for monitoring and optimization of energy consumption.",,"To the greatest extent practicable, procured data center services should replace manual collection of operational data with automated collection, as enabled by DCIM and detailed power telemetry monitoring, to decrease their energy consumption.",42 U.S.C. § 8253(b): http://uscode.house.gov/view.xhtml?hl=false&edition=2012&req=granuleid%3AUSC-prelim-title42-section8253&f=treesort&fq=true&num=0,,,,,
energy saving software,Process,34,software that allows users to manage the power settings of their IT equipment (hardware).,,,42 U.S.C. § 8253(b): http://uscode.house.gov/view.xhtml?hl=false&edition=2012&req=granuleid%3AUSC-prelim-title42-section8253&f=treesort&fq=true&num=0,,,,,
ENERGY STAR hardware,Process,35,"hardware that has been certified by the ENERGY STAR program, administered by the EPA, to meet its energy efficiency standards.",,Prioritize procurements of data center services that use ENERGY STAR-certified hardware to the maximum extent practicable.,42 U.S.C. § 8253(b): http://uscode.house.gov/view.xhtml?hl=false&edition=2012&req=granuleid%3AUSC-prelim-title42-section8253&f=treesort&fq=true&num=0,EPA ENERGY STAR: https://www.energystar.gov/,Y,"Y (servers): https://www.epeat.net/search-servers

Y (computers and displays): https://www.epeat.net/search-computers-and-displays",,
Federal Energy Management Program (FEMP) designated product,Process,36,"""a product that is designated under the Federal Energy Management Program of the Department of Energy as being among the highest 25 percent of equivalent products for energy efficiency.""",42 U.S.C. 8259(b)(4): https://uscode.house.gov/view.xhtml?req=FEMP+designated+product&f=treesort&fq=true&num=0&hl=true&edition=prelim&granuleId=USC-prelim-title42-section8259b,"To the maximum extent practicable, prioritize procurements of data center services that use FEMP designated products.","42 U.S.C. § 8253(b): http://uscode.house.gov/view.xhtml?hl=false&edition=2012&req=granuleid%3AUSC-prelim-title42-section8253&f=treesort&fq=true&num=0

42 U.S.C. 8259(b)(4): https://uscode.house.gov/view.xhtml?req=FEMP+designated+product&f=treesort&fq=true&num=0&hl=true&edition=prelim&granuleId=USC-prelim-title42-section8259b",,,,,
compute effectiveness,Process,37,"aggregate server performance relative to server energy consumption, within a given data center.",,"To the maximum extent practicable, prioritize procurements of data center services that include servers with high compute effectiveness.",42 U.S.C. § 8253(b): http://uscode.house.gov/view.xhtml?hl=false&edition=2012&req=granuleid%3AUSC-prelim-title42-section8253&f=treesort&fq=true&num=0,,N/A,N/A,,
Power Purchase Agreement (PPA),Process,38,"""arrangement in which a third-party developer installs, owns, and operates an energy system on a customer's property"" and then ""the customer then purchases the system's electric output for a predetermined period.""",https://betterbuildingssolutioncenter.energy.gov/financing-navigator/option/power-purchase-agreement,"As PPAs are commonly used to finance renewable energy projects, consider using PPAs to finance on-site renewable energy sources to power data centers. Prioritize procurements of data center services which leverage third-party ownership models such as PPAs for this purpose.",42 U.S.C. § 8253(b): http://uscode.house.gov/view.xhtml?hl=false&edition=2012&req=granuleid%3AUSC-prelim-title42-section8253&f=treesort&fq=true&num=0,,N/A,N/A,,
detailed energy strategic plan,Process,39,"Comprehensive plan that outlines an agency's energy vision, mission, goals, objectives, performance metrics, strategies, and timelines for achieving these; integrates energy, budgetary/financial, and environmental considerations; and aligns with agency-wide strategic plan, including long-term strategic goals and strategic objectives.",,"Your agency is encouraged to develop a detailed energy strategic plan that: 1) charts an efficient and measurable course between your agency's current and future energy state, 2) leverages renewable energy sources to the maximum extent practicable to power its operations (including both on-premise and off-premise IT), and 3) aligns with your larger agency strategic plan.",42 U.S.C. § 8253(b): http://uscode.house.gov/view.xhtml?hl=false&edition=2012&req=granuleid%3AUSC-prelim-title42-section8253&f=treesort&fq=true&num=0,"DOE's Community Energy Strategic Planning for local governments: https://www.energy.gov/scep/slsc/guide-community-energy-strategic-planning

DOE's Energy Transitions Playbook: https://www.energy.gov/eere/articles/energy-transitions-initiative-energy-transitions-playbook",N/A,N/A,,
on-site primary power production through non-traditional methods,Process,40,"on-site conversion of primary energy (i.e., energy that has not already been converted off-site to electricity or another energy carrier) to electricity via solar, wind, geothermal, biopower, hydroelectric, tidal power, or other methods.",,"Your agency should explore purchasing renewable primary power generation via on-site contracts with third-party owners (https://www.energy.gov/eere/femp/federal-site-electricity-contracts), which can translate into decreased energy costs, carbon emissions, and transmission loss.

To fund on-site primary power production via renewable energy sources, consider the benefits and drawbacks of Congressional appropriations as well as different contract vehicles as applicable to your agency: Energy Savings Performance Contracts, Energy Savings Performance Contract Energy Sales Agreements, Utility Energy Service Contracts, On-Site Electricity Purchase Contracts, Real Property Arrangements/Enhanced Use Leases (https://www.energy.gov/eere/femp/federal-site-distributed-energy-procurement-options#appropriations).",42 U.S.C. § 8253(b): http://uscode.house.gov/view.xhtml?hl=false&edition=2012&req=granuleid%3AUSC-prelim-title42-section8253&f=treesort&fq=true&num=0,"DOE EERE FEMP Federal On-Site Electricity Contracts: https://www.energy.gov/eere/femp/federal-site-electricity-contracts

DOE EERE FEMP Federal On-Site Distributed Energy Procurement Options: https://www.energy.gov/eere/femp/federal-site-distributed-energy-procurement-options

DOE EERE FEMP Technical Assistance for Distributed Energy Projects: https://www7.eere.energy.gov/femp/assistance/node/add/application-combined",N/A,N/A,,
recycled materials,Material,41,"location and commodity-dependent process of collection and processing of waste materials, and remanufacture of these into new new products",EPA: https://www.epa.gov/recyclingstrategy/us-recycling-system#USRecyclingSystemOverview,"To the maximum extent practicable, construct and equip data centers that contain products created from recycled materials, such as recycled metal, glass, plastic, and paper, to limit the environmental impact caused by waste of old materials and manufacture of new materials.

Prioritize procurements of recycled materials that are listed in the Comprehensive Procurement Guideline (CPG) Program product directory (https://www.epa.gov/smm/comprehensive-procurement-guideline-cpg-program#products).","42 U.S.C. § 6962(i)

40 C.F.R. § 247

E.O. 13990 Sec 1",EPA CPG program: https://www.epa.gov/smm/comprehensive-procurement-guideline-cpg-program#products,Y,N/A,,
brownfield sites,Material,42,"""real property, the expansion, redevelopment or reuse of which may be complicated by the presence of a hazardous substance, pollutant, or contaminant.""",42 U.S.C. 9601(39)(a): https://www.govinfo.gov/content/pkg/USCODE-2011-title42/html/USCODE-2011-title42-chap103.htm ,"To the maximum extent practicable, prioritize procurements of data centers and data center services that repurpose underutilized infrastructure.","E.O. 14057 Sec 301
E.O. 14057 Sec 303
FAR Part 23.103
FAR Part 23.802
E.O. 14008 Sec 217",EPA's Brownfield Program: https://www.epa.gov/brownfields,N/A,N/A,,
disadvantaged area for construction site,Material,43,,,,,,N/A,N/A,,
thermal solar to heat water and people space,Material,44,"process of collecting heat from absorbtion of sunlight usually via a solar thermal collector, and transferring of heat via working fluid-filled pipes for water and people space heating.",,"To the maximum extent practicable, prioritize procurements of data centers and data center services that use thermal solar energy to heat water and people space, thereby reducing energy consumption, associated energy costs, and greenhouse gas emissions. Of the different types of solar thermal collectors to be used, consider honeycomb solar thermal collectors (HSTCs), which minimize heat loss and are 8% more efficient than flat-plate collectors (https://www.gsa.gov/cdnstatic/GPG_Findings_027-Honeycomb_Solar_Thermal_Collector.pdf).",42 U.S.C. § 8253(b): http://uscode.house.gov/view.xhtml?hl=false&edition=2012&req=granuleid%3AUSC-prelim-title42-section8253&f=treesort&fq=true&num=0,"GSA Green Proving Ground (GPG): https://www.gsa.gov/governmentwide-initiatives/climate-action-and-sustainability/center-for-emerging-building-technologies/published-findings/onsite-power-renewables/honeycomb-solar-thermal-collector

GSA Green Proving Ground (GPG) GPG-027 Honeycomb Solar Thermal Collector: https://www.gsa.gov/cdnstatic/GPG_Findings_027-Honeycomb_Solar_Thermal_Collector.pdf",Y,N,,
low flush or no flush toilets,Material,45,,,,42 U.S.C. § 8253(b): http://uscode.house.gov/view.xhtml?hl=false&edition=2012&req=granuleid%3AUSC-prelim-title42-section8253&f=treesort&fq=true&num=0,,,,,
reclaim heat from whitespace,Material,46,,,,,,,,,
reuse of data center by-products,Material,47,,,"Water for municipal heating, agriculture",42 U.S.C. § 8253(b): http://uscode.house.gov/view.xhtml?hl=false&edition=2012&req=granuleid%3AUSC-prelim-title42-section8253&f=treesort&fq=true&num=0,,,,,
natural landscaping of campus,Material,48,,,Less gasoline engine usage,,,,,,
Waste management,Material,49,,,,,,,,,
e-Waste management,Material,50,,,,,,,,,
green energy coefficient (GEC),Power Consumption,51,"proportion of green energy consumed by the data center relative to total energy consumed

green energy consumed by data center / total energy consumed by data center",page 13: https://www.energystar.gov/sites/default/files/buildings/tools/Measurement%20Protocol%20for%20GEC%2C%20ERF%2C%20and%20CUE.pdf,"To the maximum extent practicable, prioritize procurements pertaining to data centers that participate in EPA's Green Power Partnership and/or Green Energy Certified-data centers, and which have a GUE approaching or equal to 1.0.",,U.S. EPA Green Power Partnership: https://www.epa.gov/greenpower,N/A,N/A,,
energy reuse factor (ERF),Power Consumption,52,"proportion of energy reused outside of the data center relative to the total energy from the data center

energy reused outside of data center / total energy from the data center",page 17: https://www.energystar.gov/sites/default/files/buildings/tools/Measurement%20Protocol%20for%20GEC%2C%20ERF%2C%20and%20CUE.pdf,"To the maximum extent practicable, prioritize procurements pertaining to data centers which have a ERF approaching 1.0.",,,N/A,N/A,,
On-site green power generation (OGP),,,Does the data center have on-site power generation capability to either supplement existing production needs or enough to handle the entire load requirement?,,,,,N/A,N/A,,
Off-Grid capability  yes/no (OGC),,,Does the data center have on-site power prodcution capability to indefinitely operate the data center in full prodcution mode?,,,,,N/A,N/A,,
circular economy,Process,55,proposed approach to sustainable data center development and operations that relies on a continuous cycle of use and reuse of pertinent components and materials.,,Federal procurements of data center services should include contract languauge that rewards use and reuse of pertinent data center components and materials.,,,N/A,N/A,,